Product Name,Brand,Price,Mo. Sales,D. Sales,Mo. Revenue,Date First Available,Net,Reviews,Rating,Fees,Seller type,Sellers,Category,Dimensions,Weight,ASIN,Link
Bestway Fast Set Swimming Pool Cover Blue 244 cm,Bestway,10.94,2337,77,25567,05/07/2012,7.09,6593,4,3.85,FBM,16,Garden & Outdoors,20.2cm  6.4cm  20.0cm,0.58 kg,B00FDUUHV4,https://www.amazon.co.uk/Bestway-Fast-Swimming-Pool-Cover/dp/B00FDUUHV4/ref=sr_1_2310?dchild=1&keywords=-kvnjdsnfkjew&qid=1625774389&s=kitchen&sr=1-2310
Venetian Blind Wand/Rod Hook Only,Any Blind,2.5,198,6,495,01/19/2012,...,407,4.2,,FBA,5,Home & Kitchen,,,B006ZK1OOA,https://www.amazon.co.uk/Venetian-Blind-Wand-Hook-Only/dp/B006ZK1OOA/ref=sr_1_2311?dchild=1&keywords=-kvnjdsnfkjew&qid=1625774389&s=kitchen&sr=1-2311
Whitefurze G04114 Garden Pot Saucer for 7.5/ 10cm Pot - Terracotta (Set of 5),Whitefurze,2.1,4593,153,9645,09/01/2012,0.94,4390,4.3,1.41,FBM,16,Garden & Outdoors,18.1cm  22.5cm  2.1cm,0.04 kg,B00537P99W,https://www.amazon.co.uk/Whitefurze-G04114-Garden-Saucer-10cm/dp/B00537P99W/ref=sr_1_2312?dchild=1&keywords=-kvnjdsnfkjew&qid=1625774389&s=kitchen&sr=1-2312
18th Birthday Card - Birthday Card for Him - Birthday Card for Her - Gold Foil Stars Design,UK Greetings,2,370,12,740,02/17/2020,0.64,262,4.7,1.36,AMZ,3,Stationery & Office Supplies,16.4cm  19.6cm  0.6cm,0.06 kg,B084W96DYC,https://www.amazon.co.uk/18th-Birthday-Card-Stars-Design/dp/B084W96DYC/ref=sr_1_2313?dchild=1&keywords=-kvnjdsnfkjew&qid=1625774389&s=kitchen&sr=1-2313
Baby Shower Game  Pin The Dummy On The Baby  35 Player  Blindfold Winner Prize and XL Poster Included for Fun boy Girl Neutral/Unisex Baby Shower Party  Baby Shower Games Modern Classic,Baby Showered UK,3.99,1297,60,5175,03/31/2019,2.33,674,4.6,1.66,FBA,2,Toys & Games,21.9cm  29.7cm  0.4cm,0.06 kg,B07QNCPC1D,https://www.amazon.co.uk/Baby-Shower-Game-Blindfold-Included/dp/B07QNCPC1D/ref=sr_1_2309?dchild=1&keywords=-kvnjdsnfkjew&qid=1625774865&s=kitchen&sr=1-2309
KMC Perfect Size Sleeves (100),KMC,4.99,216,4,1078,01/11/2011,3.18,200,4.8,1.81,FBA,2,Toys & Games,8.4cm  10.0cm  1.4cm,0.05 kg,B0007N7PB2,https://www.amazon.co.uk/KMC-Perfect-Size-Sleeves-100/dp/B0007N7PB2/ref=sr_1_2314?dchild=1&keywords=-kvnjdsnfkjew&qid=1625775050&s=kitchen&sr=1-2314
Sichuan Peppercorn Whole 100g,Zheng Feng,3.1,830,27,2573,12/17/2015,1.58,1570,4.5,1.52,FBA,13,Home & Kitchen,16.0cm  23.3cm  2.4cm,0.11 kg,B00GD8J694,https://www.amazon.co.uk/Zheng-Feng-Sichuan-Peppercorn-Whole/dp/B00GD8J694/ref=sr_1_2315?dchild=1&keywords=-kvnjdsnfkjew&qid=1625774389&s=kitchen&sr=1-2315
Mason Cash 2007.968 Round 24 cm Cake Caddy with Lid Carry Handle and Easy Locking System Red 26 x 26 x 12 cm,Mason Cash,8.49,293,9,2488,05/13/2014,5.01,1271,4.5,3.48,FBM,5,Home & Kitchen,28.4cm  29.0cm  11.2cm,0.08 kg,B00KB1WCX6,https://www.amazon.co.uk/Mason-Cash-Handle-Locking-System/dp/B00KB1WCX6/ref=sr_1_2319?dchild=1&keywords=-kvnjdsnfkjew&qid=1625774389&s=kitchen&sr=1-2319
Newentor Shower Head High Pressure for Bath with 6 Modes Function Power Shower Head Large Adjustable Square Shower Head (Shower Head Without Hose),Newentor,22.99,298,9,6851,01/21/2021,17.97,24,4.6,5.02,FBA,1,DIY & Tools,11.0cm  27.7cm  5.0cm,0.32 kg,B08TM7FGS8,https://www.amazon.co.uk/Newentor-Pressure-Function-Adjustable-Without/dp/B08TM7FGS8/ref=sr_1_2320?dchild=1&keywords=-kvnjdsnfkjew&qid=1625774389&s=kitchen&sr=1-2320
213B Mouse Hole Wall Art Sticker Washing Vinyl Decal Mice Home Skirting Board Funny,Healthy clubs,0.98,242,8,237,01/25/2016,0.35,1887,4.5,0.85,FBM,8,DIY & Tools,7.0cm  18.8cm  0.1cm,0.01 kg,B01B22HT6C,https://www.amazon.co.uk/Mouse-Sticker-Washing-Vinyl-Skirting/dp/B01B22HT6C/ref=sr_1_2321?dchild=1&keywords=-kvnjdsnfkjew&qid=1625774389&s=kitchen&sr=1-2321
Amazon Brand - Eono TV Bracket Wall Mount Swivel and Tilt for Most 26-55 inch TVs Fits VESA 75mmx75mm-400x400mm Weight up to 27KG Full Motion TV Wall Mount PL2432,Eono,25.49,1039,34,26484,04/09/2019,19.41,2495,4.7,6.08,FBA,1,Electronics & Photo,26.0cm  44.5cm  7.4cm,4 kg,B07S85CRGF,https://www.amazon.co.uk/Eono-Amazon-Bracket-400x400mm-Articulating/dp/B07S85CRGF/ref=sr_1_2322?dchild=1&keywords=-kvnjdsnfkjew&qid=1625774389&s=kitchen&sr=1-2322
Lafuma LFM2322 Elastic Laces Ideal for RSX and RSXA - White (Set of 4),Lafuma,12.99,500,16,6495,09/02/2011,8.79,3500,4.8,4.2,AMZ,3,Luggage,9.6cm  4.0cm  20.6cm,0.08 kg,B005G1L1UQ,https://www.amazon.co.uk/Lafuma-LFM2322-Elastic-Laces-Ideal/dp/B005G1L1UQ/ref=sr_1_2323?dchild=1&keywords=-kvnjdsnfkjew&qid=1625774389&s=kitchen&sr=1-2323
2-Tier Slate Cake Stand | Tiered Serving Display Stand | Cakes & Cupcakes Rustic Serving Platter | Slate Wedding Cake Stand | Antipasti Platter | M&W,Maison & White,15.99,285,9,4557,06/20/2019,11.36,992,4.6,4.63,FBM,1,Home & Kitchen,30.4cm  45.0cm  9.0cm,2.99 kg,B07TFKBK46,https://www.amazon.co.uk/Antipasti-Platter-Serving-Display-Wedding/dp/B07TFKBK46/ref=sr_1_2324?dchild=1&keywords=-kvnjdsnfkjew&qid=1625774389&s=kitchen&sr=1-2324
